name,description,category,value,type,state,max_attempts,flags,tags,hints,type_data
"46 Apes","![46 Apes](https://raw.githubusercontent.com/PhilippSieber/hackyeaster-2021/master/challenges/46apes/banner.jpg)\n\n46 apes encoded a message for you:\n\n`2Qu93ZhJHdsMGIlhmcgUXagMWe19icmBGbnFiOoBTZwIjM7FGd0gHdfNTbuB2a5V2X1JzcuF3MzNQf==`\n\n\n----\nCreated by `PS` for `Hacky Easter 2021`","misc","200","standard","visible","0","he2021{th4ts_m0nkey_bus1n3ss}","","",""
"Social Checker","![Social Checker](https://raw.githubusercontent.com/PhilippSieber/hackyeaster-2021/master/challenges/socialchecker/banner.jpg)\n\nSocial Checker - check if your favourite social media site is online!\n\n[http://__DOCKER_HOST__:2103](http://__DOCKER_HOST__:2103)\n\nNote: The service is restarted __DOCKER_RESTART__.\n\n\n\n----\nCreated by `PS` for `Hacky Easter 2021`","web","200","standard","visible","0","he2021{1ts_fun_t0_1nj3kt_k0mmand5}","","Some characters are blocked - find a workaround!",""
"Pix FX","![Pix FX](https://raw.githubusercontent.com/PhilippSieber/hackyeaster-2021/master/challenges/pixfx/banner.jpg)\n\nHey there! We have our fancy new Pix FX service online!\n\nTry it out!\n\n[http://__DOCKER_HOST__:2110](http://__DOCKER_HOST__:2110)\n\nNote: The service is restarted __DOCKER_RESTART__.\n\n\n----\nCreated by `PS` for `Hacky Easter 2021`","web,crypto","300","standard","visible","0","he2021{fl1pp1n_da_b1ts_gr34t_succ355}","","egg",""
"The Five Seasons","![The Five Seasons](https://raw.githubusercontent.com/PhilippSieber/hackyeaster-2021/master/challenges/thefiveseasons/banner.jpg)\n\nDid you know there were five seasons?\n\nFind the **flag** file! \n\n[http://__DOCKER_HOST__:2111](http://__DOCKER_HOST__:2111)\n\nNote: The service is restarted __DOCKER_RESTART__.\n\n\n----\nCreated by `PS` for `Hacky Easter 2021`","web","300","standard","visible","0","he2021{Spr1ng_1s_my_f4vrt_s34sn!}","","The \ud83d\udc1fis just a trap \ud83d\ude3c\n\nA hint is hiding in one of the poems.",""
"Basement Cat","![Basement Cat](https://raw.githubusercontent.com/PhilippSieber/hackyeaster-2021/master/challenges/basementcat/banner.jpg)\n\nHi, me iz **Base**ment Cat!\n\nHere iz flag: `5jsnZDgv9EfFeoGXZrFurdz7MWAnK2WaPfszFadr`\n\n\n----\nCreated by `PS` for `Hacky Easter 2021`","misc","50","standard","visible","0","he2021{meow_nice_to_meet_you}","","The number on the image, is a hint! \ud83d\ude09\n\nCheck out Cyber Chef.",""
"Finding Mnemo","![Finding Mnemo](https://raw.githubusercontent.com/PhilippSieber/hackyeaster-2021/master/challenges/findingmnemo/banner.jpg)\n\nDorie has forgotten everything again... Luckily, there is a backup:\n\n```\n adapt    3555\n bind     824e\n bless    8fcf\n blind    81db\n civil    03ec\n craft    ed05\n garage   9db4\n good     d2ba\n half     1272 \n hip      8d53\n home     21b7\n hotel    1cb0\n lonely   e5b8\n magnet   16b9\n metal    770e\n mushroom dd80\n napkin   0829\n reason   ecd3\n rescue   5ef2\n ring     e3b0\n shift    4ea1\n small    f1f6\n sunset   b271\n tongue   f08d\n```\n\n\n----\nCreated by `PS` for `Hacky Easter 2021`","crypto","300","standard","visible","0","he2021{f1sh_r_fr1ends_n0t_f00d!}","","",""
"Hunny Bunny","![Hunny Bunny](https://raw.githubusercontent.com/PhilippSieber/hackyeaster-2021/master/challenges/hunnybunny/banner.jpg)\n\nhunnybunny loves music! Can you figure out what else he loves?\n\n`4ab56415e91e6d5172ee79d9810e30be5da8af18`\n`c19a3ca5251db76b221048ca0a445fc39ba576a0`\n`fdb2c9cd51459c2cc38c92af472f3275f8a6b393`\n`6d586747083fb6b20e099ba962a3f5f457cbaddb`\n`5587adf42a547b141071cedc7f0347955516ae13`\n\n\u2691 format: `he2021{lowercaseonlynospaces}`\n\n\n----\nCreated by `khae` for `Hacky Easter 2021`","crypto","200","standard","visible","0","he2021{hunnybunnyilovemumsomuch!}","","- The values can be cracked, but they need to be changed somehow first.\n- One of the values represents the flag prefix.",""
"Cafe Shop","![Cafe Shop](https://raw.githubusercontent.com/PhilippSieber/hackyeaster-2021/master/challenges/cafeshop/banner.jpg)\n\nThey have good things at the cafe shop, but I want a COLA - DECAF it must be!\n\nVisit the shop here:\n[http://__DOCKER_HOST__:2104](http://__DOCKER_HOST__:2104)\n\nNote: The service is restarted __DOCKER_RESTART__.\n\n\n----\nCreated by `PS` for `Hacky Easter 2021`","web,crypto","200","standard","visible","0","he2021{h3xpr3ss_urs3lf}","","They also serve hash browns, for $256.",""
"Hidden","![Hidden](https://raw.githubusercontent.com/PhilippSieber/hackyeaster-2021/master/challenges/sunshinehidden/banner.jpg)\n\nI swear I had the flag a minute ago, but now it seems to be hidden somewhere...\n\nGo back to level 3 and analyze the files of the challenges again. If you look hard enough, you can find an additional flag.\n\n\n----\nCreated by `khae` for `Hacky Easter 2021`","forensics","100","standard","visible","0","he2021{Wh0_is_scared_0f_h3xdump5?}","","The **sol**ution is hidden in an image. It's hidden in the **file content**, not in the image (no steganography). \n\nThere are some numbers in the flag: `he2021{W\u26100\u2610\u2610\u2610\u2610\u2610\u2610\u2610\u2610\u2610\u2610\u26100\u2610\u2610\u26103\u2610\u2610\u2610\u2610\u26105\u2610}`",""
"\ud83d\ude08","![\ud83d\ude08](https://raw.githubusercontent.com/PhilippSieber/hackyeaster-2021/master/challenges/whatismyname/banner.jpg)\n\nOne of the bunnies made a new friend. But when asked for the name, he only got the response below.\n\nCan you find out the friend's **name**, in **UPPERCASE**?\n\n\u25ab\ufe0f\u25ab\ufe0f\ud83d\ude08\ud83d\ude08\u25ab\ufe0f\u25ab\ufe0f\u25ab\ufe0f\ud83d\ude08\u25ab\ufe0f\u25ab\ufe0f\ud83d\ude08\ud83d\ude08\u25ab\ufe0f\u25ab\ufe0f\u25ab\ufe0f\u25ab\ufe0f\u25ab\ufe0f\u25ab\ufe0f\ud83d\ude08\ud83d\ude08\u25ab\ufe0f\u25ab\ufe0f\u25ab\ufe0f\u25ab\ufe0f\u25ab\ufe0f\u25ab\ufe0f\ud83d\ude08\ud83d\ude08\u25ab\ufe0f\u25ab\ufe0f\u25ab\ufe0f\u25ab\ufe0f\u25ab\ufe0f\u25ab\ufe0f\ud83d\ude08\ud83d\ude08\u25ab\ufe0f\u25ab\ufe0f\u25ab\ufe0f\u25ab\ufe0f\u25ab\ufe0f\u25ab\ufe0f\ud83d\ude08\ud83d\ude08\u25ab\ufe0f\u25ab\ufe0f\u25ab\ufe0f\u25ab\ufe0f\u25ab\ufe0f\u25ab\ufe0f\ud83d\ude08\ud83d\ude08\u25ab\ufe0f\u25ab\ufe0f\u25ab\ufe0f\u25ab\ufe0f\u25ab\ufe0f\u25ab\ufe0f\ud83d\ude08\ud83d\ude08\u25ab\ufe0f\u25ab\ufe0f\u25ab\ufe0f\u25ab\ufe0f\u25ab\ufe0f\u25ab\ufe0f\ud83d\ude08\ud83d\ude08\u25ab\ufe0f\u25ab\ufe0f\u25ab\ufe0f\u25ab\ufe0f\u25ab\ufe0f\u25ab\ufe0f\ud83d\ude08\ud83d\ude08\u25ab\ufe0f\u25ab\ufe0f\u25ab\ufe0f\u25ab\ufe0f\u25ab\ufe0f\u25ab\ufe0f\ud83d\ude08\ud83d\ude08\u25ab\ufe0f\u25ab\ufe0f\u25ab\ufe0f\u25ab\ufe0f\u25ab\ufe0f\u25ab\ufe0f\ud83d\ude08\ud83d\ude08\u25ab\ufe0f\u25ab\ufe0f\u25ab\ufe0f\u25ab\ufe0f\u25ab\ufe0f\u25ab\ufe0f\ud83d\ude08\ud83d\ude08\u25ab\ufe0f\u25ab\ufe0f\u25ab\ufe0f\u25ab\ufe0f\u25ab\ufe0f\u25ab\ufe0f\ud83d\ude08\ud83d\ude08\u25ab\ufe0f\u25ab\ufe0f\u25ab\ufe0f\u25ab\ufe0f\u25ab\ufe0f\u25ab\ufe0f\ud83d\ude08\ud83d\ude08\u25ab\ufe0f\ud83d\ude08\ud83d\ude08\u25ab\ufe0f\u25ab\ufe0f\u25ab\ufe0f\ud83d\ude08\ud83d\ude08\u25ab\ufe0f\ud83d\ude08\ud83d\ude08\u25ab\ufe0f\u25ab\ufe0f\u25ab\ufe0f\ud83d\ude08\ud83d\ude08\u25ab\ufe0f\ud83d\ude08\ud83d\ude08\u25ab\ufe0f\u25ab\ufe0f\u25ab\ufe0f\ud83d\ude08\ud83d\ude08\u25ab\ufe0f\u25ab\ufe0f\u25ab\ufe0f\u25ab\ufe0f\u25ab\ufe0f\u25ab\ufe0f\ud83d\ude08\ud83d\ude08\u25ab\ufe0f\u25ab\ufe0f\u25ab\ufe0f\u25ab\ufe0f\u25ab\ufe0f\u25ab\ufe0f\ud83d\ude08\ud83d\ude08\u25ab\ufe0f\u25ab\ufe0f\u25ab\ufe0f\u25ab\ufe0f\u25ab\ufe0f\u25ab\ufe0f\ud83d\ude08\ud83d\ude08\u25ab\ufe0f\u25ab\ufe0f\u25ab\ufe0f\u25ab\ufe0f\u25ab\ufe0f\u25ab\ufe0f\ud83d\ude08\ud83d\ude08\u25ab\ufe0f\u25ab\ufe0f\u25ab\ufe0f\u25ab\ufe0f\u25ab\ufe0f\u25ab\ufe0f\ud83d\ude08\ud83d\ude08\u25ab\ufe0f\u25ab\ufe0f\u25ab\ufe0f\u25ab\ufe0f\u25ab\ufe0f\u25ab\ufe0f\ud83d\ude08\ud83d\ude08\u25ab\ufe0f\u25ab\ufe0f\u25ab\ufe0f\u25ab\ufe0f\u25ab\ufe0f\u25ab\ufe0f\ud83d\ude08\ud83d\ude08\u25ab\ufe0f\u25ab\ufe0f\u25ab\ufe0f\u25ab\ufe0f\u25ab\ufe0f\u25ab\ufe0f\ud83d\ude08\ud83d\ude08\u25ab\ufe0f\u25ab\ufe0f\u25ab\ufe0f\u25ab\ufe0f\u25ab\ufe0f\u25ab\ufe0f\ud83d\ude08\ud83d\ude08\u25ab\ufe0f\u25ab\ufe0f\u25ab\ufe0f\u25ab\ufe0f\u25ab\ufe0f\u25ab\ufe0f\ud83d\ude08\ud83d\ude08\u25ab\ufe0f\u25ab\ufe0f\u25ab\ufe0f\u25ab\ufe0f\u25ab\ufe0f\u25ab\ufe0f\ud83d\ude08\ud83d\ude08\u25ab\ufe0f\u25ab\ufe0f\u25ab\ufe0f\u25ab\ufe0f\u25ab\ufe0f\u25ab\ufe0f\ud83d\ude08\ud83d\ude08\u25ab\ufe0f\u25ab\ufe0f\u25ab\ufe0f\u25ab\ufe0f\u25ab\ufe0f\u25ab\ufe0f\ud83d\ude08\ud83d\ude08\u25ab\ufe0f\u25ab\ufe0f\u25ab\ufe0f\ud83d\ude08\n\n\n\u2691 format: `he2021{JOHNDOE}`\n\n\n\n----\nCreated by `khae` for `Hacky Easter 2021`","misc","100","standard","visible","0","he2021{BELPHEGOR}","","We need the **name** of what you find, in UPPERCASE, and wrapped in `he2021{...}`.",""
"The Snake","![The Snake](https://raw.githubusercontent.com/PhilippSieber/hackyeaster-2021/master/challenges/thesnake/banner.jpg)\n\nCunning snake has a little riddle for you:\n\n`21{_inake0dltn_2olospena__iht_fthet!}` \n\n\n----\nCreated by `PS` for `Hacky Easter 2021`","crypto","300","standard","visible","0","he2021{dont_fall_into_the_snake_pit!}","","It's a self-made algorithm, not one you'll find in the web.",""
"Ansi Art","![Ansi Art](https://raw.githubusercontent.com/PhilippSieber/hackyeaster-2021/master/challenges/ansiart/banner.jpg)\n\nHope you like my ansi art egg!\n\nGet it with `nc __DOCKER_HOST__ 2105`\n\nNote: The service is restarted __DOCKER_RESTART__.\n\n\n----\nCreated by `PS` for `Hacky Easter 2021`","pwn","100","standard","visible","0","he2021{4Ns1MG1k}","","",""
"Ghost in a Shell 2","![Ghost in a Shell 2](https://raw.githubusercontent.com/PhilippSieber/hackyeaster-2021/master/challenges/ghostinashell2/banner.jpg)\n\n```\n  _, _,_  _,  _, ___   _ _, _    _,    _, _,_ __, _,  _,    ,  ,\n / _ |_| / \\ (_   |    | |\\ |   /_\\   (_  |_| |_  |   |     |  |\n \\ / | | \\ / , )  |    | | \\|   | |   , ) | | |   | , | ,   |  |\n  ~  ~ ~  ~   ~   ~    ~ ~  ~   ~ ~    ~  ~ ~ ~~~ ~~~ ~~~   ~  ~\n______________________________________________________________________\n ,--.     ,--.  \n| oo |   | oo | \n| ~~ |   | ~~ |   o  o  o  o  o  o  o  o  o  o  o  o  o  o  o  o  o\n|/\\/\\|   |/\\/\\|   \n______________________________________________________________________\n\n```\nConnect to the server, snoop around, and find the flag!\n\n- `ssh __DOCKER_HOST__ -p 2108 -l clyde`\n- password is: `555-ClYdE`\n\nNote: The service is restarted __DOCKER_RESTART__.\n\n\n----\nCreated by `PS` for `Hacky Easter 2021`","forensics","300","standard","visible","0","he2021{wh4ts_y0ur_grewp_4g4in?}","","",""
"Unicorn","![Unicorn](https://raw.githubusercontent.com/PhilippSieber/hackyeaster-2021/master/challenges/unicorn/banner.jpg)\n\n\ud83e\udd84 Ain't no CTF without a unicorn! \ud83e\udd84\n\n```\ns7GvyM1RKEstKs7Mz7NVMtQzUFJIzUvO\nT8nMS7dVCg1x07VQsrfj5bJJzs9LL0os\nKQayFRRs0nIS0+0yUo0MjAyrS/MMkw2K\n8uIN84CiJcbGximKtTb6YBVAffpwjQA=\n```\n\n\n----\nCreated by `PS` for `Hacky Easter 2021`","forensics, misc","100","standard","visible","0","he2021{un1c0rn_1nflat333d!}","","Decode and inflate!",""
"Ghost in a Shell 1","![Ghost in a Shell 1](https://raw.githubusercontent.com/PhilippSieber/hackyeaster-2021/master/challenges/ghostinashell1/banner.jpg)\n\n```\n  _, _,_  _,  _, ___   _ _, _    _,    _, _,_ __, _,  _,    ,\n / _ |_| / \\ (_   |    | |\\ |   /_\\   (_  |_| |_  |   |     |\n \\ / | | \\ / , )  |    | | \\|   | |   , ) | | |   | , | ,   |\n  ~  ~ ~  ~   ~   ~    ~ ~  ~   ~ ~    ~  ~ ~ ~~~ ~~~ ~~~   ~\n______________________________________________________________________\n ,--.  \n| oo | \n| ~~ |   o  o  o  o  o  o  o  o  o  o  o  o  o  o  o  o  o  o  o  o\n|/\\/\\| \n______________________________________________________________________\n\n```\nConnect to the server, snoop around, and find the flag!\n\n- `ssh __DOCKER_HOST__ -p 2106 -l inky`\n- password is: `mucky_4444`\n\nNote: The service is restarted __DOCKER_RESTART__.\n\n\n----\nCreated by `PS` for `Hacky Easter 2021`","forensics","100","standard","visible","0","he2021{h1dd3n_d0td0td0t!}","","",""
"CrackEd","![CrackEd](https://raw.githubusercontent.com/PhilippSieber/hackyeaster-2021/master/challenges/_teaser/banner.jpg)\n\nEd wrote you a letter containing strange symbols:\n\n`;85)8( )\u20210\u00b68\u2020 -\u2021*3(5;)`\n\n\n----\nCreated by `PS` for `Hacky Easter 2021`","crypto","100","standard","visible","0","TEASER SOLVED CONGRATS","","",""
"Memeory 3.0 - The Finale","![Memeory 3.0 - The Finale](https://raw.githubusercontent.com/PhilippSieber/hackyeaster-2021/master/challenges/memeory3/banner.jpg)\n\nWe finally fixed Memeory 2.0 and proudly release Memeory 3.0 aka the supersecure-Memeory.\n\nFlagbounty for everyone who can solve 10 successive rounds. Time per round is 30 seconds and only 3 missclicks are allowed.\n\n[http://__DOCKER_HOST__:2107](http://__DOCKER_HOST__:2107)\n\nNote: The service is restarted __DOCKER_RESTART__.\n\n\n----\nCreated by `otaku` for `Hacky Easter 2021`","web","300","standard","visible","0","he2021{0k-1-5u44end3r-y0u-w1n!}","","Not solvable via UI/browser, really.",""
"Layer Cake","![Layer Cake](https://raw.githubusercontent.com/PhilippSieber/hackyeaster-2022/master/challenges/layercake/banner.jpg)\n\nSomeone said there would be cake.\n\n`hackyeaster/layercake:latest`\n\n\n----\nCreated by `PS` for `Hacky Easter 2022`","forensics","200","standard","visible","0","he2022{th3_c4k3_is_a_l1e!}","","Docker Hub",""
"Dean's Transfers","![Dean's Transfers](https://raw.githubusercontent.com/PhilippSieber/hackyeaster-2022/master/challenges/deanstransfers/banner.jpg)\n\nDean just launched his taxi business named *Dean's Transfers*.\n\nFor his website, he first wanted to register `deans-transfers.com`, but then found out there are so many fancy top-level domains out there. You found a service running on his server - find a flag there!\n\nThe service is running on port 2211 on __DOCKER_HOST__.\n\nNote: The service is restarted __DOCKER_RESTART__.\n\n\n----\nCreated by `PS` for `Hacky Easter 2022`","forensics","200","standard","visible","0","he2022{d34n_dr1v3s_you_3v3rywh3r3!!}","","Service fingerprinting.",""
"Rabbits With Hats","![Rabbits With Hats](https://raw.githubusercontent.com/PhilippSieber/hackyeaster-2022/master/challenges/rabbitswithhats/banner.jpg)\n\nI'm looking for a friend of mine who had to flee from his evil owner.\n\nHe must have found a shelter for wildlife, but didn't tell me where it is. He just said he would go join **rabbits with hats**. What the heck do these three words mean??\n\n\ud83d\udea9 Flag\n- `he2022{nameoftheplace}`\n- **all lowercase, no spaces**\n- first letter is **j**, last one is **y**\n- e.g. `he2022{junglezooaviary}`\n\n\n----\nCreated by `PS` for `Hacky Easter 2022`","misc","100","standard","visible","0","he2022{jackrabbitflatwildlifesanctuary}","","- the number of words is important\n- search the nearby area",""
"Statues","![Statues](https://raw.githubusercontent.com/PhilippSieber/hackyeaster-2022/master/challenges/statues/banner.jpg)\n\nHope you like statues as much as I do!  \n  \nI created a little tour in my favourite city for you:  \n  \n1. Richard I  \n2. Peter Pan  \n3. Albert  \n4. James Cook  \n  \nI will not reveal my favourite statue, though. Find it yourself!\n  \n\ud83d\udea9 Flag  \n- **it's `not` the one on the challenge image (Joan of Arc)**!\n- name of the person represented by the statue  \n- all lowercase, no spaces, no special chars  \n- e.g. `he2022{johnny} `\n\n\n\n----\nCreated by `PS` for `Hacky Easter 2022`","osint","100","standard","visible","0","he2022{achilles}","","\ud83d\uddfa\ufe0f \ud83d\udd8a\ufe0f \ud83d\udcd0",""
"Dingos!","![Dingos!](https://raw.githubusercontent.com/PhilippSieber/hackyeaster-2022/master/challenges/dingos/banner.jpg)\n\nIf you like \ud83d\udc15 Dingos, check out my new web site!\n\n\ud83d\udc49 [my fancy Dingo web site](https://dingos.s3.eu-west-1.amazonaws.com/index.html)\n\n\n\n----\nCreated by `PS` for `Hacky Easter 2022`","cloud","200","standard","visible","0","he2022{4_b4rk1n9_D1NG0_n3v3r_b1735}","","",""
"Bucket Egg","![Bucket Egg](https://raw.githubusercontent.com/PhilippSieber/hackyeaster-2022/master/challenges/bucketegg/banner.jpg)\n\nMy Irish friend told me about his new web site. He told me it was in a *bucket* named `egg-in-a-bucket`. No clue what that is...\n\n\n----\nCreated by `PS` for `Hacky Easter 2022`","cloud","100","standard","visible","0","he2022{th1s_3gg_1s_1n_4_buck3t}","","Look in the cloud.",""
"I Key, You Key, ASCII","![I Key, You Key, ASCII](https://raw.githubusercontent.com/PhilippSieber/hackyeaster-2022/master/challenges/ikeyyoukeyascii/banner.jpg)\n\nLook what I was drawing in my text editor!\n\n```\n.. .. .. 68 65 32 30 .. .. ..\n.. .. 32 \u2588\u2588 \u2588\u2588 \u2588\u2588 \u2588\u2588 32 .. ..\n.. 7b \u2588\u2588 \u2588\u2588 \u2588\u2588 \u2588\u2588 \u2588\u2588 \u2588\u2588 74 ..\n.. 68 \u2588\u2588 \u2588\u2588 \u2588\u2588 \u2588\u2588 \u2588\u2588 \u2588\u2588 31 ..\n73 \u2588\u2588 \u2588\u2588 \u2588\u2588 \u2588\u2588 \u2588\u2588 \u2588\u2588 \u2588\u2588 \u2588\u2588 5f\n30 \u2588\u2588 \u2588\u2588 \u2588\u2588 \u2588\u2588 \u2588\u2588 \u2588\u2588 \u2588\u2588 \u2588\u2588 6e\n33 \u2588\u2588 \u2588\u2588 \u2588\u2588 \u2588\u2588 \u2588\u2588 \u2588\u2588 \u2588\u2588 \u2588\u2588 5f\n31 \u2588\u2588 \u2588\u2588 \u2588\u2588 \u2588\u2588 \u2588\u2588 \u2588\u2588 \u2588\u2588 \u2588\u2588 73\n5f \u2588\u2588 \u2588\u2588 \u2588\u2588 \u2588\u2588 \u2588\u2588 \u2588\u2588 \u2588\u2588 \u2588\u2588 72\n33 \u2588\u2588 \u2588\u2588 \u2588\u2588 \u2588\u2588 \u2588\u2588 \u2588\u2588 \u2588\u2588 \u2588\u2588 33\n33 \u2588\u2588 \u2588\u2588 \u2588\u2588 \u2588\u2588 \u2588\u2588 \u2588\u2588 \u2588\u2588 \u2588\u2588 33\n.. 6c \u2588\u2588 \u2588\u2588 \u2588\u2588 \u2588\u2588 \u2588\u2588 \u2588\u2588 79 ..\n.. 5f \u2588\u2588 \u2588\u2588 \u2588\u2588 \u2588\u2588 \u2588\u2588 \u2588\u2588 73 ..\n.. .. 31 \u2588\u2588 \u2588\u2588 \u2588\u2588 \u2588\u2588 6d .. ..\n.. .. .. 70 6c 33 7d .. .. ..\n\n```\n\n\n----\nCreated by `PS` for `Hacky Easter 2022`","misc","50","standard","visible","0","he2022{th1s_0n3_1s_r3333ly_s1mpl3}","","Cyber Chef",""
"The CTF Oracle \ud83d\udd2e","![The CTF Oracle \ud83d\udd2e](https://raw.githubusercontent.com/PhilippSieber/hackyeaster-2022/master/challenges/thectforacle/banner.jpg)\n\nThe oracle is using **models** and algorithms to predict how you will perform in CTFs in the future! Please choose a CTF and the total points you made in the last three years.\n\n[http://__DOCKER_HOST__:2206](http://__DOCKER_HOST__:2206)\n\nNote: The service is restarted __DOCKER_RESTART__.\n\n\n----\nCreated by `otaku` for `Hacky Easter 2022`","web","300","standard","visible","0","he2022{ef453cc6-46eb-4c86-87df-cf34a6d2e3d8}","","",""
"Fire Alert","![Fire Alert](https://raw.githubusercontent.com/PhilippSieber/hackyeaster-2022/master/challenges/firealarm/banner.jpg)\n\nIn case of fire, break the glass and press the button.\n\n[http://__DOCKER_HOST__:2202](http://__DOCKER_HOST__:2204)\n\nNote: The service is restarted __DOCKER_RESTART__.\n\n\n----\nCreated by `PS` for `Hacky Easter 2022`","web","100","standard","visible","0","he2022{th1s_fl4g_1s_bl4ck_n0t}","","",""
"Coney Island Hackers","![Coney Island Hackers](https://raw.githubusercontent.com/PhilippSieber/hackyeaster-2022/master/challenges/coneyislandhackers/banner.jpg)\n\nConey Island Hackers have a secret web portal.\n\nUsing advanced social engineering techniques, you found out their secret passphrase: `eat,sleep,hack,repeat`. However, it seems to take more than just entering the passphrase as-is. Can you find out what?\n\n[http://__DOCKER_HOST__:2202](http://__DOCKER_HOST__:2202)\n\nNote: The service is restarted __DOCKER_RESTART__.\n\n\n----\nCreated by `PS` for `Hacky Easter 2022`","web","200","standard","visible","0","he2022{el_dorado_arkade}","","`if (req.query.passphrase == 'eat,sleep,hack,repeat')`",""
"C0ns0n4nt Pl4n3t","![C0ns0n4nt Pl4n3t](https://raw.githubusercontent.com/PhilippSieber/hackyeaster-2022/master/challenges/consonantplanet/banner.jpg)\n\n**Apollo** wants his name printed on that fancy new site. He's constantly failing as vowels and some special characters are blocked when entered.\n\nCan you help him?\n\n[http://__DOCKER_HOST__:2205](http://__DOCKER_HOST__:2205)\n\nNote: The service is restarted __DOCKER_RESTART__.\n\n\n----\nCreated by `PS` for `Hacky Easter 2022`","web","200","standard","visible","0","he2022{v0w3ls_4r3_f0r_n3rd5!}","","Submit `\"` and see what happens.",""
"Copy Protection Pioneers","![Copy Protection Pioneers](https://raw.githubusercontent.com/PhilippSieber/hackyeaster-2022/master/challenges/copyprotectionpioneers/banner.jpg)\n\nThe copy protection pioneers were really creative and lived the jet set life.\n\n[http://__DOCKER_HOST__:2209](http://__DOCKER_HOST__:2209)\n\nNote: The service is restarted __DOCKER_RESTART__.\n\n\n----\nCreated by `otaku` for `Hacky Easter 2022`","misc","100","standard","visible","0","he2022{J3t-53t-W1llY-f0r3v3R}","","",""
"\u81ea\u52d5\u8ca9\u58f2\u6a5f","![\u81ea\u52d5\u8ca9\u58f2\u6a5f](https://raw.githubusercontent.com/PhilippSieber/hackyeaster-2022/master/challenges/vendingmachine/banner.jpg)\n\nI like these Japanese vending machines! **\u0e51(\u25d5\u203f\u25d5)\u0e51**\n\nIf I could just get a \ud83d\udea9...\n\n[http://__DOCKER_HOST__:2210](http://__DOCKER_HOST__:2210)\n\nNote: The service is restarted __DOCKER_RESTART__.\n\n\n----\nCreated by `PS` for `Hacky Easter 2022`","web","200","standard","visible","0","he2022{p0llut10n_41nt_g00d}","","\u7d99\u627f",""
"Glitch","![Glitch](https://raw.githubusercontent.com/PhilippSieber/hackyeaster-2022/master/challenges/glitch/banner.jpg)\n\nI got a flag, but it's glitched somehow.\n\n`}\u0265\u0254\u0287\u1d09\u3057\u0183_\u01dd\u3057\u0287\u0287\u1d09\u3057_\u0250_\u0287\u5df1\u51e0\u027e{\u1105\u1105\uff10\u1105\u01dd\u0265`\n \n\ud83d\udea9 Flag format\n- `he2022{lowercase_and_underscore_only_here}`\n\n\n----\nCreated by `PS` for `Hacky Easter 2022`","misc","50","standard","visible","0","he2022{just_a_little_glitch}","","",""
"Alpha Bravo Charlie","![Alpha Bravo Charlie](https://raw.githubusercontent.com/PhilippSieber/hackyeaster-2022/master/challenges/alphabravocharlie/banner.jpg)\n\nI received a strange message on my walkie-talkie today:\n\n`hotel echo two zero two two{papa hotel oscar november echo tango india charlie}`\n\n\ud83d\udea9 Flag\n- lowercase\n- no spaces\n\n\n----\nCreated by `PS` for `Hacky Easter 2022`","misc","50","standard","visible","0","he2022{phonetic}","","",""
"Kn\u00e4ck l\u00e5set","![Kn\u00e4ck l\u00e5set](https://raw.githubusercontent.com/PhilippSieber/hackyeaster-2022/master/challenges/knacklaset/banner.jpg)\n\nKn\u00e4ck the c\u00d8de!\n\n```\nkoda   \u2705 \ud83d\udd00 \u274c \n2-9-7  1  0  2 \n2-3-0  0  1  2 \n7-8-2  0  2  1 \n5-1-9  0  0  3 \n5-9-8  0  1  2 \n```\n\n\u2691 format: `he2022{999}`\n\n\n----\nCreated by `PS` for `Hacky Easter 2022`","misc","100","standard","visible","0","he2022{807}","","",""
"Snoopy","![Snoopy](https://raw.githubusercontent.com/PhilippSieber/hackyeaster-2022/master/challenges/snoopy/banner.jpg)\n\nSnoopy dog found something interesting.\n\nCan you get something interesting out of the 256 bytes he found?\n\n```\nIKIANJKDPKKAPJIDNKKAPNBHELCBHMGGDLOBLIPCKNAHFOEEBNFHALLBOMPGKJADFKDAGMNGIIGCDPEFBINCIPNFIMKGPPLFOMLGOKFAAIECBPJFM</Password><Domain type=\"NT\">CORP</Domain></Credentials><ClientName>THUMPERSDESK7</ClientName><ClientType>ica30</ClientType><ClientAddress>10.1\n```\n\n\n----\nCreated by `PS` for `Hacky Easter 2022`","crypto","100","standard","visible","0","he2022{ctx1_41nt_3nKryp710n!}","","",""
"Ghost in a Shell 3","![Ghost in a Shell 3](https://raw.githubusercontent.com/PhilippSieber/hackyeaster-2022/master/challenges/ghostinashell3/banner.jpg)\n\n```\n  _, _,_  _,  _, ___   _ _, _    _,    _, _,_ __, _,  _,    ,  ,  ,\n / _ |_| / \\ (_   |    | |\\ |   /_\\   (_  |_| |_  |   |     |  |  |\n \\ / | | \\ / , )  |    | | \\|   | |   , ) | | |   | , | ,   |  |  |\n  ~  ~ ~  ~   ~   ~    ~ ~  ~   ~ ~    ~  ~ ~ ~~~ ~~~ ~~~   ~  ~  ~\n______________________________________________________________________\n ,--.     ,--.     ,--.\n| oo |   | oo |   | oo | \n| ~~ |   | ~~ |   | ~~ |   o  o  o  o  o  o  o  o  o  o  o  o  o  o  o\n|/\\/\\|   |/\\/\\|   |/\\/\\|   \n______________________________________________________________________\n\n```\nConnect to the server, snoop around, and find the flag!\n\n- `ssh __DOCKER_HOST__ -p 2203 -l pinky`\n- password is: `!speedy!`\n\nNote: The service is restarted __DOCKER_RESTART__.\n\n\n----\nCreated by `PS` for `Hacky Easter 2022`","forensics","100","standard","visible","0","he2022{0p3n-35-35-37-f0r-pr0fit}","","",""
"Fibonacci Rabbits","![Fibonacci Rabbits](https://raw.githubusercontent.com/PhilippSieber/hackyeaster-2022/master/challenges/fibonaccirabbits/banner.jpg)\n\nEveryone loves rabbits!\n\n[http://__DOCKER_HOST__:2201](http://__DOCKER_HOST__:2201)\n\nNote: The service is restarted __DOCKER_RESTART__.\n\n\n----\nCreated by `PS` for `Hacky Easter 2022`","web","100","standard","visible","0","he2022{th1z_41nT_4_r4bB1T!}","","It is **not** about the rabbit names.",""
"H\u2082O","![H\u2082O](https://raw.githubusercontent.com/PhilippSieber/hackyeaster-2022/master/challenges/h2o/banner.jpg)\n\nJust some H\u2082O ...\n\n`33333336333032303332333333373230333233333330323033323330333032303333333633303230333233333337323033323331333432303332333133323230333433303230333633363230333733303230333433303230333633363230333633353230333433303230333633363230333633323230333433303230333633333230333633303230333433303230333633333230333633323230333433303230333633363230333633323230333433303230333633373230333133343332323033343330323033363336323033373330323033343330323033363331323033363337323033363331323033343330323033363336323033363334323033343330323033363337323033363332323033343330323033363336323033363330323033343330323033363336323033363337323033343330323033363333323033363333323033343330323033363331323033363335323033363336323033343330323033363335323033313334333632303334333032303336333632303331333433353230333433303230333633313230333633333230333633373230333433303230333633333230333633303230333433303230333633373230333733303230333433303230333633313230333633373230333633313230333433303230333633363230333633373230333433303230333633333230333633333230333433303230333633313230333633353230333633363230333433303230333633373230333133343334`\n\n\n----\nCreated by `PS` for `Hacky Easter 2022`","misc","100","standard","visible","0","he2022{hydr0g3n_n_0xyg3n}","","",""
"Teaser","![Teaser](https://raw.githubusercontent.com/PhilippSieber/hackyeaster-2022/master/challenges/_teaser/banner.jpg)\n\nCraCC this, you HAXXOR!\n\n`a4a9fefcfefeb7b8fff8bfa9bee1a8fca2ffedb1`\n\n\n----\nCreated by `PS` for `Hacky Easter 2022`","crypto","100","standard","visible","0","he2022{t34ser-d0n3!}","","",""
"Rotation","![Rotation](https://raw.githubusercontent.com/PhilippSieber/hackyeaster-2023/master/challenges/rotation/banner.jpg)\n\nMy new rotor messed up the flag! \n\n`96a_abL_?b04c?0Cbc50C_E_C03c4<HcC5DN`\n\nI tried to decode it, but it didn't work. The rotor must have been too fast!\n\n\n\n----\nCreated by `PS` for `Hacky Easter 2023`","misc","50","standard","visible","0","he2023{0n3_c4n_r34d_r0t0r_b4ckw4rds}","","ROT13 decoding attempt in CyberChef: [link](https://gchq.github.io/CyberChef/#recipe=ROT13(true,true,false,13)&input=OTZhX2FiTF8/YjA0Yz8wQ2JjNTBDX0VfQzAzYzQ8SGNDNURO)",""
"Serving Things","![Serving Things](https://raw.githubusercontent.com/PhilippSieber/hackyeaster-2023/master/challenges/servingthings/banner.jpg)\n\nGet the \ud83d\udea9 at `/flag`.\n\n[http://__DOCKER_HOST__:2316](http://__DOCKER_HOST__:2316)\n\nNote: The service is restarted __DOCKER_RESTART__.\n\n\n----\nCreated by `inik` for `Hacky Easter 2023`","web","100","standard","visible","0","he2023{4ls0-53rv3r-c4n-b3-1nj3ct3d!!!}","","",""
"Going Round","![Going Round](https://raw.githubusercontent.com/PhilippSieber/hackyeaster-2023/master/challenges/goinground/banner.jpg)\n\nI got a flag, but it's encrypted somehow:\n`ip0232j{1t_x_v0z4b3bm__v4xvq}a`\n\nIt was created using the following service:\n\n[http://__DOCKER_HOST__:2305](http://__DOCKER_HOST__:2305)\n\nNote: The service is restarted __DOCKER_RESTART__.\n\n\n----\nCreated by `PS` for `Hacky Easter 2023`","crypto","200","standard","visible","0","he2023{fl1p_n_r0t4t3_in_p4irs}","","",""
"Jason","![Jason](https://raw.githubusercontent.com/PhilippSieber/hackyeaster-2023/master/challenges/jason/banner.jpg)\n\nJason has implemented an information service.\n\nHe has hidden a flag in it, can you find it?\n\nConnect to the server:  \n- `nc __DOCKER_HOST__ 2304`\n\nNote: The service is restarted __DOCKER_RESTART__.\n\n\n----\nCreated by `PS` for `Hacky Easter 2023`","misc","300","standard","visible","0","he2023{gr3pp1n_d4_js0n_l1k3_4_pr0!}","","",""
"Ghost in a Shell 4","![Ghost in a Shell 4](https://raw.githubusercontent.com/PhilippSieber/hackyeaster-2023/master/challenges/ghostinashell4/banner.jpg)\n\n```\n  _, _,_  _,  _, ___   _ _, _    _,    _, _,_ __, _,  _,    , ,   ,\n / _ |_| / \\ (_   |    | |\\ |   /_\\   (_  |_| |_  |   |     | \\   /\n \\ / | | \\ / , )  |    | | \\|   | |   , ) | | |   | , | ,   |  \\ /\n  ~  ~ ~  ~   ~   ~    ~ ~  ~   ~ ~    ~  ~ ~ ~~~ ~~~ ~~~   ~   ~ \n______________________________________________________________________\n ,--.     ,--.     ,--.     ,--.\n| oo |   | oo |   | oo |   | oo |\n| ~~ |   | ~~ |   | ~~ |   | ~~ |  o  o  o  o  o  o  o  o  o  o  o  o\n|/\\/\\|   |/\\/\\|   |/\\/\\|   |/\\/\\|\n______________________________________________________________________\n\n```\nConnect to the server, snoop around, and find the flag!\n\n- `ssh __DOCKER_HOST__ -p 2306 -l blinky`\n- password is: `blinkblink`\n\nNote: The service is restarted __DOCKER_RESTART__.\n\n\n----\nCreated by `PS` for `Hacky Easter 2023`","forensics","200","standard","visible","0","he2023{al1asses-4-fUn-and-pr0fit}","","",""
"Kaos Motorn","![Kaos Motorn](https://raw.githubusercontent.com/PhilippSieber/hackyeaster-2023/master/challenges/kaosmotorn/banner.jpg)\n\nWhat?  \nIs?  \nThis?  \n[Kaos](https://docs.google.com/spreadsheets/d/1yxWyraRKss6Wqbw_ejuws6v92vwdE1AEAP1Cc8oec7M/edit?usp=sharing)?  \n\n\n----\nCreated by `PS` for `Hacky Easter 2023`","misc","200","standard","visible","0","he2023{Th4tSKa0Z!}","","Inputs are in the range 0..9.",""
"Thumper's PWN - Ring 3","![Thumper's PWN - Ring 3](https://raw.githubusercontent.com/PhilippSieber/hackyeaster-2023/master/challenges/thumperspwnring3/banner.jpg)\n\nThumper has been hunting his nemesis, Dr. Evil, for months. He finally located his remote system and is trying to gain access. Can you help him find the right password?\n\nTarget: `nc __DOCKER_HOST__ 2313`\n\nNote: The service is restarted __DOCKER_RESTART__.\n\n\n----\nCreated by `ice` for `Hacky Easter 2023`","pwn","200","standard","visible","0","he2023{w3lc0m3_t0_r1ng_3_thump3r}","","",""
"Coney Island Hackers 2","![Coney Island Hackers 2](https://raw.githubusercontent.com/PhilippSieber/hackyeaster-2023/master/challenges/coneyislandhackers2/banner.jpg)\n\nConey Island Hackers are back!\n\nThey changed the passphrase of their secret web portal to: `cone\u02b8island`.\n\nHowever, they implemented some protection:\n  - letters and some special characters are not allowed\n  - maximum length of the string entered is 75\n\n[http://__DOCKER_HOST__:2302](http://__DOCKER_HOST__:2302)\n\nNote: The service is restarted __DOCKER_RESTART__.\n\n\n----\nCreated by `PS` for `Hacky Easter 2023`","web","200","standard","visible","0","he2023{fun_w1th_ev1l_ev4l_1n_nyc}","","`eval`",""
"Hamster","![Hamster](https://raw.githubusercontent.com/PhilippSieber/hackyeaster-2023/master/challenges/hamster/banner.jpg)\n\nThe Hamster has a flag for you.\n\n[http://__DOCKER_HOST__:2301](http://__DOCKER_HOST__:2301)\n\nNote: The service is restarted __DOCKER_RESTART__.\n\n\n----\nCreated by `PS` for `Hacky Easter 2023`","web","100","standard","visible","0","he2023{s1mpl3_h34d3r_t4mp3r1ng}","","`curl` is your friend.\n\nThe \u26f3 is not the flag! \ud83d\ude03",""
"Lost in (French) Space","![Lost in (French) Space](https://raw.githubusercontent.com/PhilippSieber/hackyeaster-2023/master/challenges/lostinfrenchspace/banner.jpg)\n\nMy friend went to France and sent me coordinates of interesting things he found.\n\nThree of them look legit, but one does not make sense to me.  \n- `48.998 2.008`\n- `45.960 0.090`\n- `43.579 1.524`\n- `45.007 4.335`\n\n\ud83d\udea9 Flag\n- the **first word** of the *thing* you find\n- six **lowercase** letters\n- wrapped in flag format, e.g. `he2023{thingy}`\n\n\n----\nCreated by `PS` for `Hacky Easter 2023`","osint","100","standard","visible","0","he2023{davies}","","",""
"Sanity Check","![Sanity Check](https://raw.githubusercontent.com/PhilippSieber/hackyeaster-2023/master/challenges/sanitycheck/banner.jpg)\n\nThis is your first flag!  \n\nRight here --> he2023{<span style=\"color:black;background-color:black;opacity:0;\">just_A_sanity_chEck</span>}\n\n\ud83d\udea9 Flags are in format `he2023{...}`, unless noted otherwise. Always check additional information given (uppercase, lowercase, spaces, etc.).\n\n\n----\nCreated by `PS` for `Hacky Easter 2023`","misc","50","standard","visible","0","he2023{just_A_sanity_chEck}","","",""
"Flip Flop","![Flip Flop](https://raw.githubusercontent.com/PhilippSieber/hackyeaster-2023/master/challenges/flipflop/banner.jpg)\n\nThis awesome service can flipflop an image!\n\nFlag is located at: `/flag.txt`\n\n[http://__DOCKER_HOST__:2310](http://__DOCKER_HOST__:2310)\n\n\nNote: The service is restarted __DOCKER_RESTART__.\n\n\n----\nCreated by `otaku` for `Hacky Easter 2023`","web","200","standard","visible","0","he2023{1m4g3-tr4g1cK-aga111n}","","Flipflopped with Imagemagick",""
"Crash Bash","![Crash Bash](https://raw.githubusercontent.com/PhilippSieber/hackyeaster-2023/master/challenges/crashbash/banner.jpg)\n\nCan you crash the bash?\n\nThe password is `B4sh_br0TH3rs`\n\nConnect using `nc __DOCKER_HOST__ 2303`\n\nNote: The service is restarted __DOCKER_RESTART__.\n\n\n----\nCreated by `PS` for `Hacky Easter 2023`","pwn","300","standard","visible","0","he2023{gr34t_b4sh_succ3ss!}","","Some characters are forbidden, in the whole string you enter.",""
"Code Locked","![Code Locked](https://raw.githubusercontent.com/PhilippSieber/hackyeaster-2023/master/challenges/codelocked/banner.jpg)\n\nOpen the code lock at [http://__DOCKER_HOST__:2311](http://__DOCKER_HOST__:2311) to get your \ud83d\udea9 flag.\n\nNote: The service is restarted __DOCKER_RESTART__.\n\n\n----\nCreated by `inik` for `Hacky Easter 2023`","reversing,web","200","standard","visible","0","he2023{w3b4553m81y_15_FUN}","","",""
"Chemical Code","![Chemical Code](https://raw.githubusercontent.com/PhilippSieber/hackyeaster-2023/master/challenges/chemicalcode/banner.jpg)\n\nOur crazy chemistry professor wrote a secret code on the blackboard:\n\n`9 57 32 10 111 39 85 8 115 8 16 42 16`\n\nHe also mumbled something like *\"essential and elementary knowledge\"*.\n\n\ud83d\udea9 Flag\n- **lower**case only, **no spaces**\n- wrap into `he2023{` and `}`\n- example: `he2023{exampleflagonly}`\n\n\n----\nCreated by `PS` for `Hacky Easter 2023`","misc","100","standard","visible","0","he2023{flagenergyatomcosmos}","","",""
"Fruity Cipher","![Fruity Cipher](https://raw.githubusercontent.com/PhilippSieber/hackyeaster-2023/master/challenges/fruitycipher/banner.jpg)\n\nI found this fruity message. Can you decrypt it?\n\n\ud83e\udd66\ud83e\udd5d\ud83c\udf4b\ud83c\udf4a\ud83e\udd6d\ud83c\udf4c\ud83e\uded1\ud83e\uddc5 \ud83e\uddc5\ud83e\udd5d\ud83e\udd56 \ud83c\udf49\ud83c\udf60\ud83e\udd6c\ud83e\uded0 \ud83c\udf49\ud83e\uded0\ud83e\udd54\ud83e\udd65\ud83c\udf48 \ud83e\udd54\ud83c\udf4c\ud83e\udd5d\ud83e\udd56\ud83c\udf4f \ud83e\udd50\ud83c\udf4d\ud83e\udd66\ud83c\udf49\ud83c\udf47\ud83e\udd65\ud83c\udf4b \ud83e\udd51\ud83c\udf49\ud83c\udf4d\ud83e\udd50\ud83c\udf49 \ud83c\udf45\ud83c\udf60\ud83e\udd66 \ud83c\udf4b\ud83e\udd6d\ud83c\udf53\ud83c\udf50\ud83c\udf36\ud83c\udf47 \ud83e\udd55\ud83c\udf36\ud83e\udd54\ud83e\udd6d\ud83c\udf53\ud83c\udf4f\ud83c\udf52\ud83c\udf46\ud83c\udf4f \ud83c\udf36\ud83e\uded0\ud83c\udf4e\ud83c\udf4f\ud83c\udf52\ud83e\udd65\ud83c\udf4a \ud83c\udf4e\ud83e\udd5d \ud83c\udf45\ud83e\udd5d\ud83e\udd65\ud83c\udf47 \ud83c\udf4e\ud83c\udf49\ud83e\udd54\ud83c\udf53 \ud83e\udd5d\ud83c\udf53\ud83c\udf47 \ud83e\udd50\ud83e\udd6d\ud83e\udd66\ud83c\udf49\ud83c\udf47\ud83e\udd65\ud83c\udf4f\ud83e\uded0\ud83c\udf46\ud83c\udf4e \ud83c\udf36\ud83e\uded0\ud83c\udf4e\ud83c\udf4f\ud83c\udf47\ud83e\udd65\ud83c\udf4b \ud83c\udf4e\ud83c\udf49\ud83c\udf47\ud83c\udf4a\ud83e\uded0 \ud83c\udf60\ud83e\udd65\ud83c\udf52 \ud83e\udd50\ud83c\udf60\ud83c\udf36\ud83e\uded1\ud83e\uded0\ud83c\udf48 \ud83c\udf49\ud83e\udd5d\ud83c\udf45\ud83e\udd5d\ud83e\udd66\ud83c\udf49\ud83e\udd5d\ud83c\udf53\ud83c\udf4d\ud83e\udd50 \ud83e\udd50\ud83c\udf4d\ud83e\udd55\ud83c\udf49\ud83e\uded0\ud83e\udd65\ud83c\udf4b \ud83c\udf4f\ud83c\udf49\ud83c\udf47 \ud83c\udf4b\ud83e\udd5d\ud83e\uded1\ud83e\udd56\ud83c\udf4f\ud83c\udf4d\ud83e\udd5d\ud83c\udf53 \ud83e\udd6d\ud83c\udf4b \ud83c\udf49\ud83e\uddc5\ud83e\udd66\ud83c\udf52\ud83e\udd65\ud83e\udd6c\ud83e\udd6d\ud83c\udf4f\ud83c\udf60\ud83c\udf45\ud83e\udd6d\ud83c\udf53\ud83e\udd5d\ud83c\udf4b\ud83e\udd6d\ud83c\udf4a  \n\n\ud83d\udea9 Flag\n- **lower**case only, no spaces\n- wrap into `he2023{` and `}`\n- example: `he2023{exampleflagonly}`\n\n\n----\nCreated by `PS` for `Hacky Easter 2023`","crypto","200","standard","visible","0","he2023{hypervitaminosis}","","- the plaintext consist of lowercase letters (and spaces) only\n- there are more than 26 symbols\n- \ud83c\udf4f == \ud83c\udf4e",""
"Igor's Gory Passwordsafe","![Igor's Gory Passwordsafe](https://raw.githubusercontent.com/PhilippSieber/hackyeaster-2023/master/challenges/igorsgorypasswordsafe/banner.jpg)\n\nYou found the following letter:\n\n*Hi Peter*\n\n*Thanks again for your help in cryptography to make the passwordsafe secure. Now*\n\n* *The passwords of the user are stored in a irreversible way (bcrypt)*\n* *All passwords in the safe are encrypted by a strong symmetric key*\n\n*Kind regards, Roy*\n\nOpen the passwordsafe at at [http://__DOCKER_HOST__:2312](http://__DOCKER_HOST__:2312) to get your \ud83d\udea9 flag.\n\nNote: The service is restarted __DOCKER_RESTART__.\n\n\n----\nCreated by `inik` for `Hacky Easter 2023`","web","100","standard","visible","0","he2023{1d0R_c4n_d3str0y_ur_Crypt0_3ff0rt}","","No brute forcing needed, really!",""
"Bins","![Bins](https://raw.githubusercontent.com/PhilippSieber/hackyeaster-2023/master/challenges/bins/banner.jpg)\n\nThe rabbits left a mess in their cage.\n```\n  //    //                    //    \n ('>   ('>    LX2gkn81        ('>    \n /rr   /rr       carrots      /rr \n*\\))_ *\\))_                  *\\))_   \n```\nIf only I knew which **bin** to put the rubbish in.\n\n\n----\nCreated by `PS` for `Hacky Easter 2023`","misc","50","standard","visible","0","he2023{s0rting_th3_w4ste}","","Don't try to interpret or decode the strings.\n\nYou just need to find the right place.",""
"Bouncy Not In The Castle","![Bouncy Not In The Castle](https://raw.githubusercontent.com/PhilippSieber/hackyeaster-2023/master/challenges/bouncynotinthecastle/banner.jpg)\n\nVery bouncy, indeed, but not in a castle.\n\n- Try [http://__DOCKER_HOST__:2308](http://__DOCKER_HOST__:2308)\n\nNote: The service is restarted __DOCKER_RESTART__.\n\n\n----\nCreated by `inik` for `Hacky Easter 2023`","web,forensics","200","standard","visible","0","he2023{n0_b0uNc}","","",""
"Cats in the Bucket","![Cats in the Bucket](https://raw.githubusercontent.com/PhilippSieber/hackyeaster-2023/master/challenges/catsinabucket/banner.jpg)\n\nThere is a bucket full of cat images. One of them contains a flag. Go get it!\n\n- Bucket: `cats-in-a-bucket`\n- Access Key ID: <code>AKIATZ2X44</code><code>NMIG2Z4TGY</code>\n- Secret Access Key: <code>662WGpQfgNd2pYQFe2qM</code><code>KTfwM5sj+hBMjAcGrw3U</code>\n\n\n\n----\nCreated by `PS` for `Hacky Easter 2023`","cloud","200","standard","visible","0","he2023{r0l3_assum3d_succ3ssfuLLy}","","What exactly does the bucket allow?",""
"Knock Knock","![Knock Knock](https://raw.githubusercontent.com/PhilippSieber/hackyeaster-2023/master/challenges/_teaser/banner.jpg)\n\nYou hear some strange noise in the attic. Someone seems to be knocking in a certain pattern.\n\nCan you make any sense out of it?\n\n`.... ....  . .  ... .....  ... .....  .. ....  ... ...  .. ..  .. ..  . .....  .. ....  .... ...  .... ....`\n\n\ud83d\udea9 Flag\n- **lower**case only, **no spaces**\n- wrap into `he2023{` and `}`\n- example: `he2023{exampleflagonly}`\n\n\n\n----\nCreated by `PS` for `Hacky Easter 2023`","crypto","100","standard","visible","0","he2023{tappinggeist}","","",""
"Tricky Chicken","![Tricky Chicken](https://raw.githubusercontent.com/PhilippSieber/hackyeaster-2024/master/challenges/trickychicken/banner.jpg)\n\nTricky Chicken can give you an egg. \n\nBut you must know the right code word!\n\n[Tricky Chicken's web site](http://__DOCKER_HOST__:2402)\n\nNote: The service is restarted __DOCKER_RESTART__.\n\n\n----\nCreated by `PS` for `Hacky Easter 2024`","web","200","standard","visible","0","he2024{such_4_tr1cky_ch1ck3N!}","","",""
"Piece of Cake 2","![Piece of Cake 2](https://raw.githubusercontent.com/PhilippSieber/hackyeaster-2024/master/challenges/pieceofcake2/banner.jpg)\n\nThis time, Bunny Bob was lost in thoughts. *\"I cracked your code\"*, the young bunny from before told him. *\"Is this using the same number again? It's irrational to think this would work twice.\"*\n\n*\"No\"*, Bob replied. *\"It's not that irrational at all, when you have a closer look.\"*\n\n*\"But my approach doesn't work here at all!\"* Bunny Bob sighed.\n\n*\"It's the same mechanic. Just don't start at the beginning. Start right after every hacker's birthday.\"*\n\nHis young friend looked at him quizzically and hopped away, none the wiser.\n\nHere's the encoded flag:\n\n```\nhe876:|I94kcxk6uohyp9t4cn}ti:vtcir7foowg8tbk8sfy~4166~\n```\n\n\n----\nCreated by `khae` for `Hacky Easter 2024`","misc,crypto","200","standard","visible","0","he2024{G00d_th1ng_th3s3_numb3rs_ar3_not_1mag1nary....}","","It's not \ud835\uded1 this time.",""
"PEM Flag","![PEM Flag](https://raw.githubusercontent.com/PhilippSieber/hackyeaster-2024/master/challenges/pemflag/banner.jpg)\n\nI got this flag, but it seems to be encoded in a format called \"PEM\".\n\n```\n-----BEGIN FLAG-----\naGUyMDI0e2hleC1hLWRlY2ltYWx9\n-----END FLAG-----\n\n```\n\n\n----\nCreated by `PS` for `Hacky Easter 2024`","misc","50","standard","visible","0","he2024{hex-a-decimal}","","[CyberChef](https://gchq.github.io/CyberChef)",""
"Unknown Identity","![Unknown Identity](https://raw.githubusercontent.com/PhilippSieber/hackyeaster-2024/master/challenges/unknownidentity/banner.jpg)\n\nI detected an attempt by an unknown identity to access our cloud account. Can you help me find out who it was?\n\nAll I have is this string: `AIDATZ2X44NMHZV4BWEMR`\n\n\n\n----\nCreated by `PS` for `Hacky Easter 2024`","cloud","200","standard","visible","0","he2024{14m_pr1nc1p4l_unc0v3r3d!}","","",""
"Power Lines","![Power Lines](https://raw.githubusercontent.com/PhilippSieber/hackyeaster-2024/master/challenges/powerlines/banner.jpg)\n\nDetected some fluctiations on the power line. We need to check it out.\n\n<span><code>\n\ud83d\udd3a\ud83d\udd3a\ud83d\udd3b\ud83d\udd3a\ud83d\udd3a\ud83d\udd3b\ud83d\udd3b\ud83d\udd3a\ud83d\udd3b\ud83d\udd3b \ud83d\udd3b\ud83d\udd3a\ud83d\udd3b\ud83d\udd3b\ud83d\udd3a\ud83d\udd3a\ud83d\udd3a\ud83d\udd3b\ud83d\udd3a\ud83d\udd3b \ud83d\udd3a\ud83d\udd3a\ud83d\udd3a\ud83d\udd3a\ud83d\udd3b\ud83d\udd3b\ud83d\udd3b\ud83d\udd3b\ud83d\udd3a\ud83d\udd3b \ud83d\udd3a\ud83d\udd3a\ud83d\udd3b\ud83d\udd3b\ud83d\udd3a\ud83d\udd3b\ud83d\udd3b\ud83d\udd3a\ud83d\udd3a\ud83d\udd3b \ud83d\udd3a\ud83d\udd3a\ud83d\udd3a\ud83d\udd3a\ud83d\udd3b\ud83d\udd3b\ud83d\udd3b\ud83d\udd3b\ud83d\udd3a\ud83d\udd3b \ud83d\udd3a\ud83d\udd3b\ud83d\udd3a\ud83d\udd3a\ud83d\udd3a\ud83d\udd3b\ud83d\udd3b\ud83d\udd3b\ud83d\udd3a\ud83d\udd3b \ud83d\udd3b\ud83d\udd3b\ud83d\udd3a\ud83d\udd3a\ud83d\udd3a\ud83d\udd3a\ud83d\udd3a\ud83d\udd3b\ud83d\udd3b\ud83d\udd3b \ud83d\udd3a\ud83d\udd3b\ud83d\udd3a\ud83d\udd3a\ud83d\udd3b\ud83d\udd3b\ud83d\udd3a\ud83d\udd3a\ud83d\udd3b\ud83d\udd3b \ud83d\udd3b\ud83d\udd3a\ud83d\udd3b\ud83d\udd3a\ud83d\udd3b\ud83d\udd3b\ud83d\udd3a\ud83d\udd3a\ud83d\udd3a\ud83d\udd3b \ud83d\udd3a\ud83d\udd3b\ud83d\udd3a\ud83d\udd3a\ud83d\udd3b\ud83d\udd3b\ud83d\udd3a\ud83d\udd3b\ud83d\udd3a\ud83d\udd3b \ud83d\udd3b\ud83d\udd3a\ud83d\udd3b\ud83d\udd3a\ud83d\udd3a\ud83d\udd3a\ud83d\udd3b\ud83d\udd3b\ud83d\udd3a\ud83d\udd3b \ud83d\udd3a\ud83d\udd3a\ud83d\udd3a\ud83d\udd3b\ud83d\udd3a\ud83d\udd3b\ud83d\udd3b\ud83d\udd3b\ud83d\udd3a\ud83d\udd3b \ud83d\udd3a\ud83d\udd3a\ud83d\udd3a\ud83d\udd3b\ud83d\udd3a\ud83d\udd3b\ud83d\udd3b\ud83d\udd3a\ud83d\udd3b\ud83d\udd3b \ud83d\udd3b\ud83d\udd3a\ud83d\udd3b\ud83d\udd3a\ud83d\udd3b\ud83d\udd3b\ud83d\udd3a\ud83d\udd3a\ud83d\udd3a\ud83d\udd3b \ud83d\udd3b\ud83d\udd3a\ud83d\udd3b\ud83d\udd3a\ud83d\udd3a\ud83d\udd3a\ud83d\udd3b\ud83d\udd3b\ud83d\udd3a\ud83d\udd3b \ud83d\udd3a\ud83d\udd3a\ud83d\udd3a\ud83d\udd3b\ud83d\udd3a\ud83d\udd3b\ud83d\udd3b\ud83d\udd3a\ud83d\udd3b\ud83d\udd3b \ud83d\udd3a\ud83d\udd3a\ud83d\udd3a\ud83d\udd3b\ud83d\udd3a\ud83d\udd3b\ud83d\udd3b\ud83d\udd3b\ud83d\udd3a\ud83d\udd3b \ud83d\udd3a\ud83d\udd3a\ud83d\udd3b\ud83d\udd3b\ud83d\udd3b\ud83d\udd3a\ud83d\udd3b\ud83d\udd3a\ud83d\udd3a\ud83d\udd3b \ud83d\udd3a\ud83d\udd3a\ud83d\udd3a\ud83d\udd3a\ud83d\udd3a\ud83d\udd3b\ud83d\udd3b\ud83d\udd3b\ud83d\udd3b\ud83d\udd3b \ud83d\udd3b\ud83d\udd3a\ud83d\udd3b\ud83d\udd3a\ud83d\udd3a\ud83d\udd3a\ud83d\udd3b\ud83d\udd3b\ud83d\udd3a\ud83d\udd3b \ud83d\udd3b\ud83d\udd3a\ud83d\udd3b\ud83d\udd3b\ud83d\udd3a\ud83d\udd3a\ud83d\udd3b\ud83d\udd3a\ud83d\udd3a\ud83d\udd3b \ud83d\udd3b\ud83d\udd3a\ud83d\udd3b\ud83d\udd3a\ud83d\udd3a\ud83d\udd3a\ud83d\udd3b\ud83d\udd3b\ud83d\udd3a\ud83d\udd3b \ud83d\udd3b\ud83d\udd3b\ud83d\udd3b\ud83d\udd3a\ud83d\udd3a\ud83d\udd3a\ud83d\udd3b\ud83d\udd3a\ud83d\udd3a\ud83d\udd3b \ud83d\udd3a\ud83d\udd3b\ud83d\udd3a\ud83d\udd3a\ud83d\udd3b\ud83d\udd3b\ud83d\udd3a\ud83d\udd3a\ud83d\udd3b\ud83d\udd3b \ud83d\udd3b\ud83d\udd3a\ud83d\udd3b\ud83d\udd3a\ud83d\udd3b\ud83d\udd3b\ud83d\udd3a\ud83d\udd3a\ud83d\udd3a\ud83d\udd3b \ud83d\udd3b\ud83d\udd3a\ud83d\udd3b\ud83d\udd3a\ud83d\udd3a\ud83d\udd3a\ud83d\udd3b\ud83d\udd3b\ud83d\udd3a\ud83d\udd3b \ud83d\udd3a\ud83d\udd3b\ud83d\udd3a\ud83d\udd3a\ud83d\udd3b\ud83d\udd3b\ud83d\udd3a\ud83d\udd3a\ud83d\udd3b\ud83d\udd3b \ud83d\udd3b\ud83d\udd3a\ud83d\udd3b\ud83d\udd3a\ud83d\udd3b\ud83d\udd3b\ud83d\udd3a\ud83d\udd3a\ud83d\udd3a\ud83d\udd3b \ud83d\udd3a\ud83d\udd3b\ud83d\udd3a\ud83d\udd3a\ud83d\udd3b\ud83d\udd3b\ud83d\udd3a\ud83d\udd3b\ud83d\udd3a\ud83d\udd3b \ud83d\udd3b\ud83d\udd3a\ud83d\udd3b\ud83d\udd3a\ud83d\udd3a\ud83d\udd3a\ud83d\udd3b\ud83d\udd3b\ud83d\udd3a\ud83d\udd3b \ud83d\udd3b\ud83d\udd3a\ud83d\udd3b\ud83d\udd3b\ud83d\udd3a\ud83d\udd3a\ud83d\udd3b\ud83d\udd3a\ud83d\udd3a\ud83d\udd3b \ud83d\udd3b\ud83d\udd3a\ud83d\udd3b\ud83d\udd3a\ud83d\udd3a\ud83d\udd3a\ud83d\udd3b\ud83d\udd3b\ud83d\udd3a\ud83d\udd3b \ud83d\udd3a\ud83d\udd3b\ud83d\udd3b\ud83d\udd3b\ud83d\udd3a\ud83d\udd3a\ud83d\udd3a\ud83d\udd3b\ud83d\udd3a\ud83d\udd3b \ud83d\udd3b\ud83d\udd3a\ud83d\udd3b\ud83d\udd3b\ud83d\udd3a\ud83d\udd3a\ud83d\udd3a\ud83d\udd3b\ud83d\udd3a\ud83d\udd3b \ud83d\udd3b\ud83d\udd3a\ud83d\udd3b\ud83d\udd3b\ud83d\udd3a\ud83d\udd3b\ud83d\udd3a\ud83d\udd3a\ud83d\udd3a\ud83d\udd3b \ud83d\udd3b\ud83d\udd3a\ud83d\udd3b\ud83d\udd3b\ud83d\udd3a\ud83d\udd3a\ud83d\udd3b\ud83d\udd3a\ud83d\udd3a\ud83d\udd3b \ud83d\udd3b\ud83d\udd3b\ud83d\udd3b\ud83d\udd3a\ud83d\udd3a\ud83d\udd3a\ud83d\udd3b\ud83d\udd3a\ud83d\udd3a\ud83d\udd3b \ud83d\udd3a\ud83d\udd3b\ud83d\udd3a\ud83d\udd3a\ud83d\udd3b\ud83d\udd3b\ud83d\udd3a\ud83d\udd3a\ud83d\udd3b\ud83d\udd3b \ud83d\udd3b\ud83d\udd3a\ud83d\udd3b\ud83d\udd3a\ud83d\udd3b\ud83d\udd3b\ud83d\udd3a\ud83d\udd3a\ud83d\udd3a\ud83d\udd3b \ud83d\udd3b\ud83d\udd3b\ud83d\udd3b\ud83d\udd3b\ud83d\udd3a\ud83d\udd3a\ud83d\udd3a\ud83d\udd3a\ud83d\udd3a\ud83d\udd3b\n</code></span><br/>\n\n\n----\nCreated by `PS` for `Hacky Easter 2024`","misc","200","standard","visible","0","he2024{its_not_only_a_bit_its_a_decabit}","","",""
"Code\u00b3","![Code\u00b3](https://raw.githubusercontent.com/PhilippSieber/hackyeaster-2024/master/challenges/code3/banner.jpg)\n\nSomeone invented a new code, can you crack it?\n\n`5.3 5.1 3.5 1.1 4.4 3.3 5.4 4.2 1.1 5.1 3.5 5.9 3.1 2.3 2.2 4.5 2.3 3.1`\n\n\ud83d\udea9 Flag\n- uppercase\n- no spaces\n- example: `he2024{FLAGFLAG}`\n\n\n\n----\nCreated by `PS` for `Hacky Easter 2024`","crypto","300","standard","visible","0","he2024{TRIANGULARIZEDCODE}","","- `I` == `J`",""
"BucksBuddy","![BucksBuddy](https://raw.githubusercontent.com/PhilippSieber/hackyeaster-2024/master/challenges/bucksbuddy/banner.jpg)\n\nYou already know the username (`joe`) and his password (`letmein1`). But, what's next?\n\n[BucksBuddy web site](http://__DOCKER_HOST__:2401)\n\nNote: The service is restarted __DOCKER_RESTART__.\n\n\n----\nCreated by `inik` for `Hacky Easter 2024`","web","100","standard","visible","0","he2024{Not_that_easy_anymore, sigh!}","","",""
"Sanity Check","![Sanity Check](https://raw.githubusercontent.com/PhilippSieber/hackyeaster-2024/master/challenges/sanitycheck/banner.jpg)\n\nWelcome to Hacky Easter 2024!\n\nHere is your first flag!\n\n<div style=\"-webkit-transform: rotate(-180deg);-moz-transform: rotate(-180deg);transform:rotate(-180deg); text-align: right;\">he2024{s4nity_ch3ck_d0n3}</div>\n\n\n----\nCreated by `PS` for `Hacky Easter 2024`","misc","50","standard","visible","0","he2024{s4nity_ch3ck_d0n3}","","",""
"The Duck","![The Duck](https://raw.githubusercontent.com/PhilippSieber/hackyeaster-2024/master/challenges/theduck/banner.jpg)\n\nNaknak Nak. Naknak nak? Nanananak Nananak Nanananak Nak Nanananak Nananak Nanananak Nak? Naknaknak nanak Naknak Nananak Naknaknak Nananak Nanananak Nanananak Nanananak Nak? Naknak Nak? nak? naknaknak Nanananak Nanak Nanananak nak? nak? naknaknak Naknak Nananak Nanananak Nak? Naknak Nak? nak? naknaknak Naknak Naknak Naknak naknaknak Naknaknak Nananak nak? naknaknak Naknak Nak? Naknaknak nak? Naknak Nanananak Naknak nanak Nanananak nak? Naknaknak nak! \n\n\n----\nCreated by `PS` for `Hacky Easter 2024`","crypto","50","standard","visible","0","he2024{br34d_15_b4d_for_duck5}","","",""
"Mr. Slapdash","![Mr. Slapdash](https://raw.githubusercontent.com/PhilippSieber/hackyeaster-2024/master/challenges/mrslapdash/banner.jpg)\n\nI found Mr. Slapdash's notes file where he keeps track of his credit cards.\n\nHe seems to have written down the CVV numbers in some sort of encoding. Can you crack it?\n\n```\n4929 2428 3716 8341   11/27  visa\n5209 2330 7086 6970   02/28  mastercard\n3793 568767 90378     03/28  amex\n6011 3798 6234 9679   07/27  discover\n\ncvv:\n4/1/3 3/2/5 2/2/2\n3/2/3 4/4/1 1/3/2 \n1/4/4 4/4/1 4/1/4 1/1/1\n2/3/3 2/2/3 3/1/1\n```\n\n\ud83d\udea9 Flag\n- concatenated CVV numbers, no spaces\n- `he2024{99...99}` (`99` is just a placeholder, not part of the flag)\n\n\n----\nCreated by `PS` for `Hacky Easter 2024`","crypto","100","standard","visible","0","he2024{1638971914833}","","",""
"Prisoners","![Prisoners](https://raw.githubusercontent.com/PhilippSieber/hackyeaster-2024/master/challenges/prisoners/banner.jpg)\n\nPrison guards found a snippet of paper with a hand-written message:\n\n<span><code>\nHello! This message is for John. He is in block A, 12. 10 days ago, 12 am, 14th of July you asked me about my friends out there. O{h, awesome what they managed to do! We will certainly succeed. I don't think there will be any problems. I now need to organize how, we, us will start. Ideally you know it, past reading this message. My best regards. O}k\n</code></span><br/>\n\nThere seems to be a hidden message in there. Can you find it?\n\n\n----\nCreated by `PS` for `Hacky Easter 2024`","crypto","100","standard","visible","0","he2024{wednesday}","","",""
"Egg Design","![Egg Design](https://raw.githubusercontent.com/PhilippSieber/hackyeaster-2024/master/challenges/eggdesign/banner.jpg)\n\nHope you like the design of this year's eggs!\n\n<div id=\"layers\" style=\"position: relative; width: 360px; height: 360px; background: rgba(0, 0, 0, 0); transform: rotate(-30deg) skew(25deg) scale(0.8); transition: 0.5s; margin-top: -20px; margin-bottom: 60px;\">\n    <img id=\"layer1\" src=\"https://www.hackyeaster.com/img/eggdesign_layer1.png\" style=\"position: absolute; width: 100%; transition: 0.5s; opacity: 0.96; transform: translate(-96px, 96px);\">\n    <img id=\"layer2\" src=\"https://www.hackyeaster.com/img/eggdesign_layer2.png\" style=\"position: absolute; width: 100%; transition: 0.5s; opacity: 0.96; transform: translate(-64px, 64px);\">\n    <img id=\"layer3\" src=\"https://www.hackyeaster.com/img/eggdesign_layer3.png\" style=\"position: absolute; width: 100%; transition: 0.5s; opacity: 0.96; transform: translate(-32px, 32px);\">\n    <img id=\"layer4\" src=\"https://www.hackyeaster.com/img/eggdesign_layer4.png\" style=\"position: absolute; width: 100%; transition: 0.5s; opacity: 0.96;\">\n</div>\n\n\n----\nCreated by `PS` for `Hacky Easter 2024`","web","50","standard","visible","0","he2024{blu3_gr33n_y3ll0w_4nd_r3d}","","",""
"Planet Index","![Planet Index](https://raw.githubusercontent.com/PhilippSieber/hackyeaster-2024/master/challenges/planetindex/banner.jpg)\n\nWelcome to the Index of Planets!\n\n- `nc __DOCKER_HOST__ 2403`\n\nNote: The service is restarted __DOCKER_RESTART__.\n\n\n----\nCreated by `PS` for `Hacky Easter 2024`","pwn","200","standard","visible","0","he2024{plut0_41nt_n0_plan3t_n0_m0r3}","","",""
"Piece of Cake 1","![Piece of Cake 1](https://raw.githubusercontent.com/PhilippSieber/hackyeaster-2024/master/challenges/pieceofcake1/banner.jpg)\n\nBunny Bob grinned from ear to ear, as he told the story of his new idea. \"*ROT. It's just ROT. Nothing more. But get this: Each letter is rotted individually, and I am using different numbers for each letter!*\".\n\nFred Rabbit wasn't impressed. \"*Hmm. Interesting. How do you communicate the needed individual rotations to the recipient?*\".\n\"*Oh. That*\", Bob smiled. \"*You could say it's a piece of cake.*\"\n\nHere's the encoded flag: \n\n```\nii35;6\u0081Ykf|h~j8adgf7ve5uuiw37wflaj}x`9rbgj|7\u0086\n```\n\n\n----\nCreated by `khae` for `Hacky Easter 2024`","misc,crypto","200","standard","visible","0","he2024{That_wa5_a_b1t_1rrat10nal_but_0kaaay.}","","",""
"Encoding Baseics","![Encoding Baseics](https://raw.githubusercontent.com/PhilippSieber/hackyeaster-2024/master/challenges/_teaser/banner.jpg)\n\nI got this string, can you decode it?\n\n`BOrqQ1,O>91gas<?Z'e(?Y++tAnE37`\n\nI tried [Base64 using Cyber Chef](https://gchq.github.io/CyberChef/#recipe=From_Base64('A-Za-z0-9%2B/%3D',true,false)&input=Qk9ycVExLE8%2BOTFnYXM8P1onZSg/WSsrdEFuRTM3), but it didn't work.\n\n\n\n----\nCreated by `PS` for `Hacky Easter 2024`","misc","50","standard","visible","0","he2024{64_is_not_enuff!}","","",""
"Zone Lockdown","![Zone Lockdown](https://raw.githubusercontent.com/PhilippSieber/hackyeaster-2024/master/challenges/zonelockdown/banner.jpg)\n\nThis is an emergency! Your network was infiltrated, and you immediately need to initiate a zone lockdown!\n\nYou do have access to the system (user `minion`), and you know the lockdown script.\n\nBut damn, one must become the `boss` to execute it!\n\nNotes:\n- there are multiple instances running - if yours is broken, switch to another one\n- `ssh __DOCKER_HOST__ -l minion -p <PORT>` where `<PORT>` is one of: `2411`, `2412`, `2413`, `2414`\n- password for **both** `minion` and `boss`: `letmein`\n- script to run: `/home/boss/lockdown.sh`\n- you'll be kicked off a server if the lockdown is triggered by someone else\n- the servers are restarted __DOCKER_RESTART__\n\n\n\n----\nCreated by `roggy85` for `Hacky Easter 2024`","pwn","200","standard","visible","0","he2024{z0ne_l0ckd0wn_succ3ssfully_tr1gg3r3d}","","",""
"Egg Busters","![Egg Busters](https://raw.githubusercontent.com/PhilippSieber/hackyeaster-2024/master/challenges/eggbusters/banner.jpg)\n\nGhostbusters go Egg Hunting!\n\nOpen their webpage and find the `egg.png`.\n\n[Egg Busters web site](http://__DOCKER_HOST__:2407)\n\nNote: The service is restarted __DOCKER_RESTART__.\n\n\n----\nCreated by `inik` for `Hacky Easter 2024`","web","100","standard","visible","0","he2024{p4th_tr4v3rs4ls_st1ll_h4pp3ns}","","You don't need to have an account (sign-up doesn't work anyway).\n\nDo some research!",""
